Index No,version
21001A,1
21002A,1
21003A,1
21004A,1
21005A,1
21006A,1
21007A,1
21008A,1
21009A,1
21010A,1
21011A,1
21012A,1
21013A,1
21014A,1
21015A,1
21016A,1
21017A,1
21018A,1
21019A,1
21020A,1
21021A,1
21022A,1
21023A,1
21024A,1
21025A,1
21026A,1
21027A,1
21028A,1
21029A,1
21030A,1
21031A,1
21032A,1
21033A,1
21034A,1
21035A,1
21036A,1
21037A,1
21038A,1
21039A,1
21040A,1
21041A,1
21042A,1
21043A,1
21044A,1
21045A,1
21046A,1
21047A,1
21048A,1
21049A,1
21050A,1
21051A,1
21052A,1
21053A,1
21054A,1
21055A,1
21056A,1
21057A,1
21058A,1
21059A,1
21060A,1
21061A,1
21062A,1
21063A,1
21064A,1
21065A,1
21066A,1
21067A,1
21068A,1
21069A,1
21070A,1
21071A,1
21072A,1
21073A,1
21074A,1
21075A,1
21076A,1
21077A,1
21078A,1
21079A,1
21080A,1
21081A,1
21082A,1
21083A,1
21084A,1
21085A,1
21086A,1
21087A,1
21088A,1
21089A,1
21090A,1
21091A,1
21092A,1
21093A,1
21094A,1
21095A,1
21096A,1
21097A,1
21098A,1
21099A,1
21100A,1
21101A,1
21102A,1
21103A,1
21104A,1
21105A,1
21106A,1
21107A,1
21108A,1
21109A,1
21110A,1
21111A,1
21112A,1
21113A,1
21114A,1
21115A,1
21116A,1
21117A,1
21118A,1
21119A,1
21120A,1
21121A,1
21122A,1
21123A,1
21124A,1
21125A,1
21126A,1
21127A,1
21128A,1
21129A,1
21130A,1
21131A,1
21132A,1
21133A,1
21134A,1
21135A,1
21136A,1
21137A,1
21138A,1
21139A,1
21140A,1
21141A,1
21142A,1
21143A,1
21144A,1
21145A,1
21146A,1
21147A,1
21148A,1
21149A,1
21150A,1
21151A,1
21152A,1
21153A,1
21154A,1
21155A,1
21156A,1
21157A,1
21158A,1
21159A,1
21160A,1
21161A,1
21162A,1
21163A,1
21164A,1
21165A,1
21166A,1
21167A,1
21168A,1
21169A,1
21170A,1
21171A,1
21172A,1
21173A,1
21174A,1
21175A,1
21176A,1
21177A,1
21178A,1
21179A,1
21180A,1
21181A,1
21182A,1
21183A,1
21184A,1
21185A,1
21186A,1
21187A,1
21188A,1
21189A,1
21190A,1
21191A,1
21192A,1
21193A,1
21194A,1
21195A,1
21196A,1
21197A,1
21198A,1
21199A,1
21200A,1
21201A,1
21202A,1
21203A,1
21204A,1
21205A,1
21206A,1
21207A,1
21208A,1
21209A,1
21210A,1
21211A,1
21212A,1
21213A,1
21214A,1
21215A,1
21216A,1
21217A,1
21218A,1
21219A,1
21220A,1
21221A,1
21222A,1
21223A,1
21224A,1
21225A,1
21226A,1
21227A,1
21228A,1
21229A,1
21230A,1
21231A,1
21232A,1
21233A,1
21234A,1
21235A,1
21236A,1
21237A,1
21238A,1
21239A,1
21240A,1
21241A,1
21242A,1
21243A,1
21244A,1
21245A,1
21246A,1
21247A,1
21248A,1
21249A,1
21250A,1
21251A,1
21252A,1
21253A,1
21254A,1
21255A,1
21256A,1
21257A,1
21258A,1
21259A,1
21260A,1
21261A,1
21262A,1
21263A,1
21264A,1
21265A,1
21266A,1
21267A,1
21268A,1
21269A,1
21270A,1
21271A,1
21272A,1
21273A,1
21274A,1
21275A,1
21276A,1
